{
  "properties": {
    "connectionReferences": {
      "shared_gmail": {
        "runtimeSource": "invoker",
        "connection": {
          "connectionReferenceLogicalName": "acdym_sharedgmail_923f8"
        },
        "api": {
          "name": "shared_gmail"
        }
      }
    },
    "definition": {
      "$schema": "https://schema.management.azure.com/providers/Microsoft.Logic/schemas/2016-06-01/workflowdefinition.json#",
      "contentVersion": "1.0.0.0",
      "parameters": {
        "$connections": {
          "defaultValue": {},
          "type": "Object"
        },
        "$authentication": {
          "defaultValue": {},
          "type": "SecureObject"
        }
      },
      "triggers": {
        "manual": {
          "metadata": {
            "operationMetadataId": "e7ae501a-1c7d-4dc6-ab8b-cf11cea2c307"
          },
          "type": "Request",
          "kind": "PowerApp",
          "inputs": {
            "schema": {
              "type": "object",
              "properties": {
                "Enviaremail(V2)_Para": {
                  "type": "string",
                  "format": "email",
                  "description": "Uma lista de endereços de email válidos, separados por uma vírgula ou ponto e vírgula.",
                  "x-ms-powerflows-param-ispartial": false
                },
                "Enviaremail(V2)_Corpo": {
                  "type": "string",
                  "format": "html",
                  "description": "Corpo do email de saída.. This parameter is used as part of \"905AF96B-F858-4AB5-86EC-BD2E9C618C93\"",
                  "x-ms-powerflows-param-ispartial": true
                },
                "Enviaremail(V2)_Corpo_1": {
                  "type": "string"
                }
              },
              "required": [
                "Enviaremail(V2)_Para",
                "Enviaremail(V2)_Corpo",
                "Enviaremail(V2)_Corpo_1"
              ]
            }
          }
        }
      },
      "actions": {
        "Enviar_email_(V2)": {
          "runAfter": {},
          "metadata": {
            "operationMetadataId": "edefcb05-b857-442c-883a-2506f94c2fe8"
          },
          "type": "OpenApiConnection",
          "inputs": {
            "host": {
              "connectionName": "shared_gmail",
              "operationId": "SendEmailV2",
              "apiId": "/providers/Microsoft.PowerApps/apis/shared_gmail"
            },
            "parameters": {
              "emailMessage/To": "@triggerBody()['Enviaremail(V2)_Para']",
              "emailMessage/Subject": "Curso Habilitado",
              "emailMessage/Body": "<p>Ola @{triggerBody()['Enviaremail(V2)_Corpo']}, <br>\no curso @{triggerBody()['Enviaremail(V2)_Corpo_1']} foi habilitado.<br>\nBoa Sorte.<br>\nEquipe Dio!</p>"
            },
            "authentication": {
              "type": "Raw",
              "value": "@json(decodeBase64(triggerOutputs().headers['X-MS-APIM-Tokens']))['$ConnectionKey']"
            }
          }
        }
      }
    },
    "templateName": null
  },
  "schemaVersion": "1.0.0.0"
}